 ,Area,Mean,IntDen,%Area,RawIntDen
1,476,255,121380,100,121380
2,405,255,103275,100,103275
3,363,255,92565,100,92565
4,377,255,96135,100,96135
5,225,255,57375,100,57375
6,344,255,87720,100,87720
7,108,255,27540,100,27540
8,483,255,123165,100,123165
9,408,255,104040,100,104040
10,419,255,106845,100,106845
11,441,255,112455,100,112455
12,346,255,88230,100,88230
13,399,255,101745,100,101745
14,412,255,105060,100,105060
15,88,255,22440,100,22440
16,488,255,124440,100,124440
17,435,255,110925,100,110925
18,204,255,52020,100,52020
19,299,255,76245,100,76245
20,359,255,91545,100,91545
21,434,255,110670,100,110670
22,474,255,120870,100,120870
23,458,255,116790,100,116790
24,361,255,92055,100,92055
25,480,255,122400,100,122400
26,402,255,102510,100,102510
27,335,255,85425,100,85425
28,454,255,115770,100,115770
29,445,255,113475,100,113475
30,117,255,29835,100,29835
31,422,255,107610,100,107610
32,420,255,107100,100,107100
33,382,255,97410,100,97410
34,438,255,111690,100,111690
35,456,255,116280,100,116280
36,397,255,101235,100,101235
37,390,255,99450,100,99450
38,478,255,121890,100,121890
39,149,255,37995,100,37995
40,355,255,90525,100,90525
41,459,255,117045,100,117045
42,466,255,118830,100,118830
43,347,255,88485,100,88485
44,104,255,26520,100,26520
45,415,255,105825,100,105825
46,441,255,112455,100,112455
47,291,255,74205,100,74205
48,493,255,125715,100,125715
49,455,255,116025,100,116025
50,276,255,70380,100,70380
51,99,255,25245,100,25245
52,292,255,74460,100,74460
53,456,255,116280,100,116280
54,146,255,37230,100,37230
55,338,255,86190,100,86190
56,428,255,109140,100,109140
57,305,255,77775,100,77775
58,432,255,110160,100,110160
59,98,255,24990,100,24990
60,395,255,100725,100,100725
61,155,255,39525,100,39525
62,416,255,106080,100,106080
63,85,255,21675,100,21675
64,451,255,115005,100,115005
65,420,255,107100,100,107100
66,317,255,80835,100,80835
67,300,255,76500,100,76500
68,413,255,105315,100,105315
69,321,255,81855,100,81855
70,233,255,59415,100,59415
71,209,255,53295,100,53295
72,451,255,115005,100,115005
73,315,255,80325,100,80325
74,477,255,121635,100,121635
75,462,255,117810,100,117810
76,458,255,116790,100,116790
77,400,255,102000,100,102000
78,118,255,30090,100,30090
79,471,255,120105,100,120105
80,419,255,106845,100,106845
81,390,255,99450,100,99450
82,414,255,105570,100,105570
83,390,255,99450,100,99450
84,393,255,100215,100,100215
85,383,255,97665,100,97665
86,413,255,105315,100,105315
87,473,255,120615,100,120615
88,390,255,99450,100,99450
89,477,255,121635,100,121635
90,466,255,118830,100,118830
91,387,255,98685,100,98685
92,410,255,104550,100,104550
93,373,255,95115,100,95115
94,448,255,114240,100,114240
95,492,255,125460,100,125460
96,471,255,120105,100,120105
97,434,255,110670,100,110670
98,447,255,113985,100,113985
99,370,255,94350,100,94350
100,396,255,100980,100,100980
101,400,255,102000,100,102000
102,422,255,107610,100,107610
103,242,255,61710,100,61710
104,435,255,110925,100,110925
105,482,255,122910,100,122910
106,436,255,111180,100,111180
107,129,255,32895,100,32895
108,406,255,103530,100,103530
109,422,255,107610,100,107610
110,131,255,33405,100,33405
111,439,255,111945,100,111945
112,303,255,77265,100,77265
113,258,255,65790,100,65790
114,384,255,97920,100,97920
115,447,255,113985,100,113985
116,414,255,105570,100,105570
117,103,255,26265,100,26265
118,43,255,10965,100,10965
119,441,255,112455,100,112455
120,425,255,108375,100,108375
121,400,255,102000,100,102000
122,142,255,36210,100,36210
123,401,255,102255,100,102255
124,184,255,46920,100,46920
125,455,255,116025,100,116025
126,333,255,84915,100,84915
127,394,255,100470,100,100470
128,445,255,113475,100,113475
129,412,255,105060,100,105060
130,357,255,91035,100,91035
131,489,255,124695,100,124695
132,82,255,20910,100,20910
133,475,255,121125,100,121125
134,434,255,110670,100,110670
135,426,255,108630,100,108630
136,150,255,38250,100,38250
137,160,255,40800,100,40800
138,128,255,32640,100,32640
139,450,255,114750,100,114750
140,420,255,107100,100,107100
141,424,255,108120,100,108120
142,414,255,105570,100,105570
143,480,255,122400,100,122400
144,413,255,105315,100,105315
145,472,255,120360,100,120360
146,417,255,106335,100,106335
147,158,255,40290,100,40290
148,407,255,103785,100,103785
149,376,255,95880,100,95880
150,426,255,108630,100,108630
151,486,255,123930,100,123930
152,425,255,108375,100,108375
153,424,255,108120,100,108120
154,466,255,118830,100,118830
155,381,255,97155,100,97155
156,411,255,104805,100,104805
157,314,255,80070,100,80070
158,473,255,120615,100,120615
159,421,255,107355,100,107355
160,45,255,11475,100,11475
161,242,255,61710,100,61710
162,197,255,50235,100,50235
163,393,255,100215,100,100215
164,404,255,103020,100,103020
165,290,255,73950,100,73950
166,455,255,116025,100,116025
167,220,255,56100,100,56100
168,424,255,108120,100,108120
169,441,255,112455,100,112455
170,220,255,56100,100,56100
171,494,255,125970,100,125970
172,365,255,93075,100,93075
173,392,255,99960,100,99960
174,90,255,22950,100,22950
175,462,255,117810,100,117810
176,489,255,124695,100,124695
177,377,255,96135,100,96135
178,70,255,17850,100,17850
179,305,255,77775,100,77775
180,378,255,96390,100,96390
181,498,255,126990,100,126990
182,277,255,70635,100,70635
183,256,255,65280,100,65280
184,129,255,32895,100,32895
185,364,255,92820,100,92820
186,474,255,120870,100,120870
187,258,255,65790,100,65790
188,411,255,104805,100,104805
189,364,255,92820,100,92820
190,414,255,105570,100,105570
191,487,255,124185,100,124185
192,467,255,119085,100,119085
193,243,255,61965,100,61965
194,394,255,100470,100,100470
195,490,255,124950,100,124950
196,418,255,106590,100,106590
197,499,255,127245,100,127245
198,286,255,72930,100,72930
199,410,255,104550,100,104550
200,425,255,108375,100,108375
201,354,255,90270,100,90270
202,272,255,69360,100,69360
203,463,255,118065,100,118065
204,423,255,107865,100,107865
205,372,255,94860,100,94860
206,393,255,100215,100,100215
207,91,255,23205,100,23205
208,431,255,109905,100,109905
209,467,255,119085,100,119085
210,392,255,99960,100,99960
211,257,255,65535,100,65535
212,373,255,95115,100,95115
213,403,255,102765,100,102765
214,437,255,111435,100,111435
215,445,255,113475,100,113475
216,476,255,121380,100,121380
217,487,255,124185,100,124185
218,435,255,110925,100,110925
219,187,255,47685,100,47685
220,125,255,31875,100,31875
221,388,255,98940,100,98940
222,61,255,15555,100,15555
223,183,255,46665,100,46665
224,243,255,61965,100,61965
225,141,255,35955,100,35955
226,428,255,109140,100,109140
227,209,255,53295,100,53295
228,383,255,97665,100,97665
229,398,255,101490,100,101490
230,309,255,78795,100,78795
231,394,255,100470,100,100470
232,113,255,28815,100,28815
233,413,255,105315,100,105315
234,390,255,99450,100,99450
235,385,255,98175,100,98175
236,402,255,102510,100,102510
237,471,255,120105,100,120105
238,136,255,34680,100,34680
239,449,255,114495,100,114495
240,469,255,119595,100,119595
241,377,255,96135,100,96135
242,388,255,98940,100,98940
243,476,255,121380,100,121380
244,164,255,41820,100,41820
245,304,255,77520,100,77520
246,399,255,101745,100,101745
247,459,255,117045,100,117045
248,288,255,73440,100,73440
249,92,255,23460,100,23460
250,429,255,109395,100,109395
251,79,255,20145,100,20145
252,75,255,19125,100,19125
253,289,255,73695,100,73695
254,415,255,105825,100,105825
255,101,255,25755,100,25755
256,281,255,71655,100,71655
257,477,255,121635,100,121635
258,139,255,35445,100,35445
259,274,255,69870,100,69870
260,359,255,91545,100,91545
261,492,255,125460,100,125460
262,402,255,102510,100,102510
263,339,255,86445,100,86445
264,73,255,18615,100,18615
265,406,255,103530,100,103530
266,181,255,46155,100,46155
267,211,255,53805,100,53805
268,48,255,12240,100,12240
269,406,255,103530,100,103530
270,189,255,48195,100,48195
271,421,255,107355,100,107355
272,106,255,27030,100,27030
273,173,255,44115,100,44115
274,437,255,111435,100,111435
275,335,255,85425,100,85425
276,395,255,100725,100,100725
277,418,255,106590,100,106590
278,423,255,107865,100,107865
279,292,255,74460,100,74460
280,482,255,122910,100,122910
281,87,255,22185,100,22185
282,457,255,116535,100,116535
283,396,255,100980,100,100980
284,50,255,12750,100,12750
285,435,255,110925,100,110925
286,393,255,100215,100,100215
287,180,255,45900,100,45900
288,84,255,21420,100,21420
289,124,255,31620,100,31620
290,466,255,118830,100,118830
291,491,255,125205,100,125205
292,369,255,94095,100,94095
293,432,255,110160,100,110160
294,354,255,90270,100,90270
295,450,255,114750,100,114750
296,368,255,93840,100,93840
297,222,255,56610,100,56610
298,410,255,104550,100,104550
299,364,255,92820,100,92820
300,436,255,111180,100,111180
301,491,255,125205,100,125205
302,365,255,93075,100,93075
303,484,255,123420,100,123420
304,405,255,103275,100,103275
305,431,255,109905,100,109905
306,336,255,85680,100,85680
307,348,255,88740,100,88740
308,438,255,111690,100,111690
309,481,255,122655,100,122655
310,445,255,113475,100,113475
311,469,255,119595,100,119595
312,261,255,66555,100,66555
313,467,255,119085,100,119085
314,473,255,120615,100,120615
315,284,255,72420,100,72420
316,487,255,124185,100,124185
317,335,255,85425,100,85425
318,447,255,113985,100,113985
319,427,255,108885,100,108885
320,86,255,21930,100,21930
321,95,255,24225,100,24225
322,352,255,89760,100,89760
323,496,255,126480,100,126480
324,359,255,91545,100,91545
325,309,255,78795,100,78795
326,482,255,122910,100,122910
327,179,255,45645,100,45645
328,374,255,95370,100,95370
329,256,255,65280,100,65280
330,410,255,104550,100,104550
331,467,255,119085,100,119085
332,316,255,80580,100,80580
333,472,255,120360,100,120360
334,134,255,34170,100,34170
335,447,255,113985,100,113985
336,378,255,96390,100,96390
337,359,255,91545,100,91545
338,435,255,110925,100,110925
339,466,255,118830,100,118830
340,148,255,37740,100,37740
341,471,255,120105,100,120105
342,459,255,117045,100,117045
343,50,255,12750,100,12750
344,140,255,35700,100,35700
345,457,255,116535,100,116535
346,454,255,115770,100,115770
347,441,255,112455,100,112455
348,413,255,105315,100,105315
349,425,255,108375,100,108375
350,153,255,39015,100,39015
351,275,255,70125,100,70125
352,150,255,38250,100,38250
353,321,255,81855,100,81855
354,481,255,122655,100,122655
355,387,255,98685,100,98685
356,409,255,104295,100,104295
357,281,255,71655,100,71655
358,368,255,93840,100,93840
359,429,255,109395,100,109395
360,406,255,103530,100,103530
361,176,255,44880,100,44880
362,168,255,42840,100,42840
363,282,255,71910,100,71910
364,453,255,115515,100,115515
365,347,255,88485,100,88485
366,495,255,126225,100,126225
367,70,255,17850,100,17850
368,157,255,40035,100,40035
369,316,255,80580,100,80580
370,156,255,39780,100,39780
371,106,255,27030,100,27030
372,73,255,18615,100,18615
373,134,255,34170,100,34170
374,360,255,91800,100,91800
375,402,255,102510,100,102510
376,495,255,126225,100,126225
377,475,255,121125,100,121125
378,439,255,111945,100,111945
379,376,255,95880,100,95880
380,366,255,93330,100,93330
381,422,255,107610,100,107610
382,392,255,99960,100,99960
383,446,255,113730,100,113730
384,376,255,95880,100,95880
385,402,255,102510,100,102510
386,404,255,103020,100,103020
387,377,255,96135,100,96135
388,413,255,105315,100,105315
389,400,255,102000,100,102000
390,368,255,93840,100,93840
391,87,255,22185,100,22185
392,66,255,16830,100,16830
393,78,255,19890,100,19890
394,35,255,8925,100,8925
395,340,255,86700,100,86700
396,339,255,86445,100,86445
397,378,255,96390,100,96390
398,328,255,83640,100,83640
399,258,255,65790,100,65790
400,434,255,110670,100,110670
401,376,255,95880,100,95880
402,273,255,69615,100,69615
403,320,255,81600,100,81600
404,435,255,110925,100,110925
405,362,255,92310,100,92310
406,373,255,95115,100,95115
407,80,255,20400,100,20400
408,484,255,123420,100,123420
409,62,255,15810,100,15810
410,91,255,23205,100,23205
411,364,255,92820,100,92820
412,151,255,38505,100,38505
413,340,255,86700,100,86700
414,441,255,112455,100,112455
415,232,255,59160,100,59160
416,382,255,97410,100,97410
417,381,255,97155,100,97155
418,370,255,94350,100,94350
419,448,255,114240,100,114240
420,179,255,45645,100,45645
421,75,255,19125,100,19125
422,377,255,96135,100,96135
423,63,255,16065,100,16065
424,467,255,119085,100,119085
425,374,255,95370,100,95370
426,68,255,17340,100,17340
427,478,255,121890,100,121890
428,300,255,76500,100,76500
429,277,255,70635,100,70635
430,472,255,120360,100,120360
431,182,255,46410,100,46410
432,408,255,104040,100,104040
433,382,255,97410,100,97410
434,357,255,91035,100,91035
435,379,255,96645,100,96645
436,428,255,109140,100,109140
437,477,255,121635,100,121635
438,493,255,125715,100,125715
439,56,255,14280,100,14280
440,457,255,116535,100,116535
441,445,255,113475,100,113475
442,155,255,39525,100,39525
443,412,255,105060,100,105060
444,396,255,100980,100,100980
445,60,255,15300,100,15300
446,74,255,18870,100,18870
447,377,255,96135,100,96135
448,120,255,30600,100,30600
449,455,255,116025,100,116025
450,257,255,65535,100,65535
451,249,255,63495,100,63495
452,228,255,58140,100,58140
453,386,255,98430,100,98430
454,383,255,97665,100,97665
455,378,255,96390,100,96390
456,302,255,77010,100,77010
457,348,255,88740,100,88740
458,93,255,23715,100,23715
459,419,255,106845,100,106845
460,356,255,90780,100,90780
461,350,255,89250,100,89250
462,476,255,121380,100,121380
463,343,255,87465,100,87465
464,161,255,41055,100,41055
465,457,255,116535,100,116535
466,67,255,17085,100,17085
467,296,255,75480,100,75480
468,98,255,24990,100,24990
469,400,255,102000,100,102000
470,406,255,103530,100,103530
471,396,255,100980,100,100980
472,195,255,49725,100,49725
473,368,255,93840,100,93840
474,397,255,101235,100,101235
475,33,255,8415,100,8415
476,326,255,83130,100,83130
477,474,255,120870,100,120870
478,101,255,25755,100,25755
479,380,255,96900,100,96900
480,159,255,40545,100,40545
481,118,255,30090,100,30090
482,145,255,36975,100,36975
483,259,255,66045,100,66045
484,353,255,90015,100,90015
485,477,255,121635,100,121635
486,324,255,82620,100,82620
487,317,255,80835,100,80835
488,346,255,88230,100,88230
489,207,255,52785,100,52785
490,200,255,51000,100,51000
491,48,255,12240,100,12240
492,363,255,92565,100,92565
493,305,255,77775,100,77775
494,418,255,106590,100,106590
495,395,255,100725,100,100725
496,335,255,85425,100,85425
497,371,255,94605,100,94605
498,366,255,93330,100,93330
499,49,255,12495,100,12495
500,332,255,84660,100,84660
501,405,255,103275,100,103275
502,323,255,82365,100,82365
503,446,255,113730,100,113730
504,488,255,124440,100,124440
505,98,255,24990,100,24990
506,339,255,86445,100,86445
507,301,255,76755,100,76755
508,342,255,87210,100,87210
509,348,255,88740,100,88740
510,52,255,13260,100,13260
511,306,255,78030,100,78030
512,415,255,105825,100,105825
513,322,255,82110,100,82110
514,495,255,126225,100,126225
515,393,255,100215,100,100215
516,413,255,105315,100,105315
517,464,255,118320,100,118320
518,336,255,85680,100,85680
519,496,255,126480,100,126480
520,318,255,81090,100,81090
521,133,255,33915,100,33915
522,122,255,31110,100,31110
523,199,255,50745,100,50745
524,463,255,118065,100,118065
525,116,255,29580,100,29580
526,100,255,25500,100,25500
527,361,255,92055,100,92055
528,392,255,99960,100,99960
529,401,255,102255,100,102255
530,436,255,111180,100,111180
531,283,255,72165,100,72165
532,474,255,120870,100,120870
533,49,255,12495,100,12495
534,454,255,115770,100,115770
535,492,255,125460,100,125460
536,426,255,108630,100,108630
537,420,255,107100,100,107100
538,357,255,91035,100,91035
539,86,255,21930,100,21930
540,449,255,114495,100,114495
541,131,255,33405,100,33405
542,384,255,97920,100,97920
543,375,255,95625,100,95625
544,468,255,119340,100,119340
545,311,255,79305,100,79305
546,446,255,113730,100,113730
547,444,255,113220,100,113220
548,418,255,106590,100,106590
549,395,255,100725,100,100725
550,83,255,21165,100,21165
551,498,255,126990,100,126990
552,395,255,100725,100,100725
553,265,255,67575,100,67575
554,43,255,10965,100,10965
555,466,255,118830,100,118830
556,340,255,86700,100,86700
557,390,255,99450,100,99450
558,374,255,95370,100,95370
559,244,255,62220,100,62220
560,41,255,10455,100,10455
561,388,255,98940,100,98940
562,103,255,26265,100,26265
563,344,255,87720,100,87720
564,180,255,45900,100,45900
565,255,255,65025,100,65025
566,368,255,93840,100,93840
567,108,255,27540,100,27540
568,367,255,93585,100,93585
569,364,255,92820,100,92820
570,371,255,94605,100,94605
571,429,255,109395,100,109395
572,387,255,98685,100,98685
573,380,255,96900,100,96900
574,397,255,101235,100,101235
575,384,255,97920,100,97920
576,451,255,115005,100,115005
577,373,255,95115,100,95115
578,397,255,101235,100,101235
579,169,255,43095,100,43095
580,40,255,10200,100,10200
581,358,255,91290,100,91290
582,335,255,85425,100,85425
583,404,255,103020,100,103020
584,230,255,58650,100,58650
585,400,255,102000,100,102000
586,128,255,32640,100,32640
587,360,255,91800,100,91800
588,451,255,115005,100,115005
589,153,255,39015,100,39015
590,105,255,26775,100,26775
591,384,255,97920,100,97920
592,462,255,117810,100,117810
593,412,255,105060,100,105060
594,334,255,85170,100,85170
595,147,255,37485,100,37485
596,348,255,88740,100,88740
597,396,255,100980,100,100980
598,175,255,44625,100,44625
599,384,255,97920,100,97920
600,398,255,101490,100,101490
601,387,255,98685,100,98685
602,461,255,117555,100,117555
603,367,255,93585,100,93585
604,172,255,43860,100,43860
605,192,255,48960,100,48960
606,323,255,82365,100,82365
607,274,255,69870,100,69870
608,117,255,29835,100,29835
609,366,255,93330,100,93330
610,368,255,93840,100,93840
611,460,255,117300,100,117300
612,393,255,100215,100,100215
613,466,255,118830,100,118830
614,367,255,93585,100,93585
615,474,255,120870,100,120870
616,224,255,57120,100,57120
617,480,255,122400,100,122400
618,413,255,105315,100,105315
619,386,255,98430,100,98430
620,402,255,102510,100,102510
621,398,255,101490,100,101490
622,443,255,112965,100,112965
623,275,255,70125,100,70125
624,381,255,97155,100,97155
625,312,255,79560,100,79560
626,480,255,122400,100,122400
627,390,255,99450,100,99450
628,371,255,94605,100,94605
629,346,255,88230,100,88230
630,403,255,102765,100,102765
631,419,255,106845,100,106845
632,117,255,29835,100,29835
633,451,255,115005,100,115005
634,130,255,33150,100,33150
635,249,255,63495,100,63495
636,474,255,120870,100,120870
637,353,255,90015,100,90015
638,319,255,81345,100,81345
639,377,255,96135,100,96135
640,416,255,106080,100,106080
641,372,255,94860,100,94860
642,417,255,106335,100,106335
643,208,255,53040,100,53040
644,404,255,103020,100,103020
645,103,255,26265,100,26265
646,442,255,112710,100,112710
647,58,255,14790,100,14790
648,456,255,116280,100,116280
649,431,255,109905,100,109905
650,379,255,96645,100,96645
651,412,255,105060,100,105060
652,370,255,94350,100,94350
653,76,255,19380,100,19380
654,315,255,80325,100,80325
655,76,255,19380,100,19380
656,310,255,79050,100,79050
657,464,255,118320,100,118320
658,309,255,78795,100,78795
659,382,255,97410,100,97410
660,223,255,56865,100,56865
661,403,255,102765,100,102765
662,82,255,20910,100,20910
663,382,255,97410,100,97410
664,393,255,100215,100,100215
665,103,255,26265,100,26265
666,356,255,90780,100,90780
667,105,255,26775,100,26775
668,379,255,96645,100,96645
669,368,255,93840,100,93840
670,119,255,30345,100,30345
671,198,255,50490,100,50490
672,428,255,109140,100,109140
673,380,255,96900,100,96900
674,435,255,110925,100,110925
675,333,255,84915,100,84915
676,409,255,104295,100,104295
677,459,255,117045,100,117045
678,362,255,92310,100,92310
679,451,255,115005,100,115005
680,462,255,117810,100,117810
681,377,255,96135,100,96135
682,306,255,78030,100,78030
683,44,255,11220,100,11220
684,242,255,61710,100,61710
685,446,255,113730,100,113730
686,406,255,103530,100,103530
687,362,255,92310,100,92310
688,168,255,42840,100,42840
689,378,255,96390,100,96390
690,360,255,91800,100,91800
691,118,255,30090,100,30090
692,458,255,116790,100,116790
693,383,255,97665,100,97665
694,174,255,44370,100,44370
695,382,255,97410,100,97410
696,422,255,107610,100,107610
697,323,255,82365,100,82365
698,421,255,107355,100,107355
699,346,255,88230,100,88230
700,88,255,22440,100,22440
701,487,255,124185,100,124185
702,393,255,100215,100,100215
703,384,255,97920,100,97920
704,407,255,103785,100,103785
705,432,255,110160,100,110160
706,117,255,29835,100,29835
707,416,255,106080,100,106080
708,338,255,86190,100,86190
709,462,255,117810,100,117810
710,343,255,87465,100,87465
711,96,255,24480,100,24480
712,423,255,107865,100,107865
713,336,255,85680,100,85680
714,378,255,96390,100,96390
715,376,255,95880,100,95880
716,410,255,104550,100,104550
717,463,255,118065,100,118065
718,382,255,97410,100,97410
719,342,255,87210,100,87210
720,120,255,30600,100,30600
721,356,255,90780,100,90780
722,440,255,112200,100,112200
723,377,255,96135,100,96135
724,472,255,120360,100,120360
725,317,255,80835,100,80835
726,422,255,107610,100,107610
727,438,255,111690,100,111690
728,426,255,108630,100,108630
729,466,255,118830,100,118830
730,368,255,93840,100,93840
731,208,255,53040,100,53040
732,467,255,119085,100,119085
733,383,255,97665,100,97665
734,399,255,101745,100,101745
735,377,255,96135,100,96135
736,457,255,116535,100,116535
737,463,255,118065,100,118065
738,400,255,102000,100,102000
739,425,255,108375,100,108375
740,431,255,109905,100,109905
741,442,255,112710,100,112710
742,402,255,102510,100,102510
743,403,255,102765,100,102765
744,387,255,98685,100,98685
745,237,255,60435,100,60435
746,402,255,102510,100,102510
747,486,255,123930,100,123930
748,353,255,90015,100,90015
749,411,255,104805,100,104805
750,399,255,101745,100,101745
751,418,255,106590,100,106590
752,392,255,99960,100,99960
753,140,255,35700,100,35700
754,409,255,104295,100,104295
755,434,255,110670,100,110670
756,393,255,100215,100,100215
757,67,255,17085,100,17085
758,410,255,104550,100,104550
759,492,255,125460,100,125460
760,437,255,111435,100,111435
761,251,255,64005,100,64005
762,452,255,115260,100,115260
763,435,255,110925,100,110925
764,334,255,85170,100,85170
765,454,255,115770,100,115770
766,459,255,117045,100,117045
767,380,255,96900,100,96900
768,418,255,106590,100,106590
769,452,255,115260,100,115260
770,370,255,94350,100,94350
771,476,255,121380,100,121380
772,411,255,104805,100,104805
773,385,255,98175,100,98175
774,384,255,97920,100,97920
775,172,255,43860,100,43860
776,494,255,125970,100,125970
777,397,255,101235,100,101235
778,150,255,38250,100,38250
779,351,255,89505,100,89505
780,106,255,27030,100,27030
781,431,255,109905,100,109905
782,400,255,102000,100,102000
783,436,255,111180,100,111180
784,486,255,123930,100,123930
785,398,255,101490,100,101490
786,106,255,27030,100,27030
787,398,255,101490,100,101490
788,481,255,122655,100,122655
789,424,255,108120,100,108120
790,415,255,105825,100,105825
791,401,255,102255,100,102255
792,162,255,41310,100,41310
793,368,255,93840,100,93840
794,428,255,109140,100,109140
795,86,255,21930,100,21930
796,391,255,99705,100,99705
797,325,255,82875,100,82875
798,500,255,127500,100,127500
799,339,255,86445,100,86445
800,300,255,76500,100,76500
801,418,255,106590,100,106590
802,445,255,113475,100,113475
803,106,255,27030,100,27030
804,302,255,77010,100,77010
805,464,255,118320,100,118320
806,208,255,53040,100,53040
807,144,255,36720,100,36720
808,462,255,117810,100,117810
809,288,255,73440,100,73440
810,447,255,113985,100,113985
811,404,255,103020,100,103020
812,403,255,102765,100,102765
813,97,255,24735,100,24735
814,324,255,82620,100,82620
815,70,255,17850,100,17850
816,469,255,119595,100,119595
817,499,255,127245,100,127245
818,402,255,102510,100,102510
819,458,255,116790,100,116790
820,345,255,87975,100,87975
821,293,255,74715,100,74715
822,322,255,82110,100,82110
823,356,255,90780,100,90780
824,375,255,95625,100,95625
825,394,255,100470,100,100470
826,479,255,122145,100,122145
827,412,255,105060,100,105060
828,115,255,29325,100,29325
829,465,255,118575,100,118575
830,305,255,77775,100,77775
831,382,255,97410,100,97410
832,396,255,100980,100,100980
833,73,255,18615,100,18615
834,445,255,113475,100,113475
835,389,255,99195,100,99195
836,325,255,82875,100,82875
837,398,255,101490,100,101490
838,420,255,107100,100,107100
839,124,255,31620,100,31620
840,362,255,92310,100,92310
841,62,255,15810,100,15810
842,88,255,22440,100,22440
843,61,255,15555,100,15555
844,442,255,112710,100,112710
845,349,255,88995,100,88995
846,381,255,97155,100,97155
847,445,255,113475,100,113475
848,431,255,109905,100,109905
849,474,255,120870,100,120870
850,124,255,31620,100,31620
851,492,255,125460,100,125460
852,317,255,80835,100,80835
853,65,255,16575,100,16575
854,487,255,124185,100,124185
855,214,255,54570,100,54570
856,298,255,75990,100,75990
857,318,255,81090,100,81090
858,384,255,97920,100,97920
859,251,255,64005,100,64005
860,324,255,82620,100,82620
861,309,255,78795,100,78795
862,108,255,27540,100,27540
863,74,255,18870,100,18870
864,338,255,86190,100,86190
865,386,255,98430,100,98430
866,371,255,94605,100,94605
867,166,255,42330,100,42330
868,135,255,34425,100,34425
869,472,255,120360,100,120360
870,158,255,40290,100,40290
871,398,255,101490,100,101490
872,328,255,83640,100,83640
873,398,255,101490,100,101490
874,422,255,107610,100,107610
875,320,255,81600,100,81600
876,158,255,40290,100,40290
877,439,255,111945,100,111945
878,468,255,119340,100,119340
879,405,255,103275,100,103275
880,84,255,21420,100,21420
881,399,255,101745,100,101745
882,493,255,125715,100,125715
883,435,255,110925,100,110925
884,471,255,120105,100,120105
885,470,255,119850,100,119850
886,350,255,89250,100,89250
887,420,255,107100,100,107100
888,216,255,55080,100,55080
889,419,255,106845,100,106845
890,388,255,98940,100,98940
891,384,255,97920,100,97920
892,57,255,14535,100,14535
893,389,255,99195,100,99195
894,73,255,18615,100,18615
895,372,255,94860,100,94860
896,367,255,93585,100,93585
897,466,255,118830,100,118830
898,378,255,96390,100,96390
899,137,255,34935,100,34935
900,379,255,96645,100,96645
901,99,255,25245,100,25245
902,360,255,91800,100,91800
903,474,255,120870,100,120870
904,113,255,28815,100,28815
905,346,255,88230,100,88230
906,364,255,92820,100,92820
907,342,255,87210,100,87210
908,364,255,92820,100,92820
909,236,255,60180,100,60180
910,338,255,86190,100,86190
911,77,255,19635,100,19635
912,40,255,10200,100,10200
913,375,255,95625,100,95625
914,427,255,108885,100,108885
915,364,255,92820,100,92820
916,455,255,116025,100,116025
917,317,255,80835,100,80835
918,404,255,103020,100,103020
919,469,255,119595,100,119595
920,431,255,109905,100,109905
921,449,255,114495,100,114495
922,480,255,122400,100,122400
923,391,255,99705,100,99705
924,379,255,96645,100,96645
925,435,255,110925,100,110925
926,362,255,92310,100,92310
927,469,255,119595,100,119595
928,343,255,87465,100,87465
929,409,255,104295,100,104295
930,421,255,107355,100,107355
931,368,255,93840,100,93840
932,458,255,116790,100,116790
933,472,255,120360,100,120360
934,368,255,93840,100,93840
935,332,255,84660,100,84660
936,388,255,98940,100,98940
937,453,255,115515,100,115515
938,444,255,113220,100,113220
939,481,255,122655,100,122655
940,106,255,27030,100,27030
941,441,255,112455,100,112455
942,367,255,93585,100,93585
943,390,255,99450,100,99450
944,382,255,97410,100,97410
945,435,255,110925,100,110925
946,52,255,13260,100,13260
947,118,255,30090,100,30090
948,371,255,94605,100,94605
949,402,255,102510,100,102510
950,384,255,97920,100,97920
951,424,255,108120,100,108120
952,409,255,104295,100,104295
953,300,255,76500,100,76500
954,289,255,73695,100,73695
955,416,255,106080,100,106080
956,392,255,99960,100,99960
957,434,255,110670,100,110670
958,92,255,23460,100,23460
959,380,255,96900,100,96900
960,340,255,86700,100,86700
961,126,255,32130,100,32130
962,452,255,115260,100,115260
963,338,255,86190,100,86190
964,316,255,80580,100,80580
965,412,255,105060,100,105060
966,421,255,107355,100,107355
967,326,255,83130,100,83130
968,339,255,86445,100,86445
969,387,255,98685,100,98685
970,185,255,47175,100,47175
971,361,255,92055,100,92055
972,381,255,97155,100,97155
973,405,255,103275,100,103275
974,165,255,42075,100,42075
975,409,255,104295,100,104295
976,390,255,99450,100,99450
977,91,255,23205,100,23205
978,68,255,17340,100,17340
979,357,255,91035,100,91035
980,431,255,109905,100,109905
981,109,255,27795,100,27795
982,299,255,76245,100,76245
983,83,255,21165,100,21165
984,350,255,89250,100,89250
985,112,255,28560,100,28560
986,383,255,97665,100,97665
987,123,255,31365,100,31365
988,475,255,121125,100,121125
989,150,255,38250,100,38250
990,470,255,119850,100,119850
991,451,255,115005,100,115005
992,367,255,93585,100,93585
993,429,255,109395,100,109395
994,395,255,100725,100,100725
995,365,255,93075,100,93075
996,37,255,9435,100,9435
997,402,255,102510,100,102510
998,189,255,48195,100,48195
999,345,255,87975,100,87975
1000,360,255,91800,100,91800
1001,35,255,8925,100,8925
1002,397,255,101235,100,101235
1003,348,255,88740,100,88740
1004,382,255,97410,100,97410
1005,319,255,81345,100,81345
1006,241,255,61455,100,61455
1007,449,255,114495,100,114495
1008,155,255,39525,100,39525
1009,450,255,114750,100,114750
1010,398,255,101490,100,101490
1011,456,255,116280,100,116280
1012,437,255,111435,100,111435
1013,370,255,94350,100,94350
1014,461,255,117555,100,117555
1015,431,255,109905,100,109905
1016,143,255,36465,100,36465
1017,337,255,85935,100,85935
1018,407,255,103785,100,103785
1019,355,255,90525,100,90525
1020,458,255,116790,100,116790
1021,490,255,124950,100,124950
1022,438,255,111690,100,111690
1023,304,255,77520,100,77520
1024,364,255,92820,100,92820
1025,454,255,115770,100,115770
1026,51,255,13005,100,13005
1027,83,255,21165,100,21165
1028,376,255,95880,100,95880
1029,453,255,115515,100,115515
1030,64,255,16320,100,16320
1031,28,255,7140,100,7140
1032,459,255,117045,100,117045
1033,394,255,100470,100,100470
1034,48,255,12240,100,12240
1035,487,255,124185,100,124185
1036,411,255,104805,100,104805
1037,377,255,96135,100,96135
1038,452,255,115260,100,115260
1039,427,255,108885,100,108885
1040,433,255,110415,100,110415
1041,157,255,40035,100,40035
1042,401,255,102255,100,102255
1043,456,255,116280,100,116280
1044,22,255,5610,100,5610
1045,451,255,115005,100,115005
1046,448,255,114240,100,114240
1047,126,255,32130,100,32130
1048,489,255,124695,100,124695
1049,445,255,113475,100,113475
1050,398,255,101490,100,101490
1051,380,255,96900,100,96900
1052,385,255,98175,100,98175
1053,342,255,87210,100,87210
1054,76,255,19380,100,19380
1055,136,255,34680,100,34680
1056,402,255,102510,100,102510
1057,368,255,93840,100,93840
1058,380,255,96900,100,96900
1059,431,255,109905,100,109905
1060,188,255,47940,100,47940
1061,380,255,96900,100,96900
1062,434,255,110670,100,110670
1063,485,255,123675,100,123675
1064,486,255,123930,100,123930
1065,429,255,109395,100,109395
1066,473,255,120615,100,120615
1067,406,255,103530,100,103530
1068,469,255,119595,100,119595
1069,481,255,122655,100,122655
1070,373,255,95115,100,95115
1071,414,255,105570,100,105570
1072,483,255,123165,100,123165
1073,161,255,41055,100,41055
1074,467,255,119085,100,119085
1075,370,255,94350,100,94350
1076,365,255,93075,100,93075
1077,364,255,92820,100,92820
1078,303,255,77265,100,77265
1079,439,255,111945,100,111945
1080,64,255,16320,100,16320
1081,134,255,34170,100,34170
1082,357,255,91035,100,91035
1083,401,255,102255,100,102255
1084,382,255,97410,100,97410
1085,402,255,102510,100,102510
1086,379,255,96645,100,96645
1087,428,255,109140,100,109140
1088,106,255,27030,100,27030
1089,53,255,13515,100,13515
1090,134,255,34170,100,34170
1091,112,255,28560,100,28560
1092,410,255,104550,100,104550
1093,454,255,115770,100,115770
1094,369,255,94095,100,94095
1095,460,255,117300,100,117300
1096,391,255,99705,100,99705
1097,398,255,101490,100,101490
1098,378,255,96390,100,96390
1099,403,255,102765,100,102765
1100,370,255,94350,100,94350
1101,437,255,111435,100,111435
1102,180,255,45900,100,45900
1103,361,255,92055,100,92055
1104,439,255,111945,100,111945
1105,234,255,59670,100,59670
1106,61,255,15555,100,15555
1107,395,255,100725,100,100725
1108,315,255,80325,100,80325
1109,418,255,106590,100,106590
1110,468,255,119340,100,119340
1111,481,255,122655,100,122655
1112,78,255,19890,100,19890
1113,409,255,104295,100,104295
1114,457,255,116535,100,116535
1115,70,255,17850,100,17850
1116,382,255,97410,100,97410
1117,44,255,11220,100,11220
1118,412,255,105060,100,105060
1119,491,255,125205,100,125205
1120,358,255,91290,100,91290
1121,492,255,125460,100,125460
1122,459,255,117045,100,117045
1123,118,255,30090,100,30090
1124,384,255,97920,100,97920
1125,418,255,106590,100,106590
1126,498,255,126990,100,126990
1127,414,255,105570,100,105570
1128,407,255,103785,100,103785
1129,496,255,126480,100,126480
1130,197,255,50235,100,50235
1131,497,255,126735,100,126735
1132,495,255,126225,100,126225
1133,370,255,94350,100,94350
1134,314,255,80070,100,80070
1135,165,255,42075,100,42075
1136,43,255,10965,100,10965
1137,411,255,104805,100,104805
1138,443,255,112965,100,112965
1139,129,255,32895,100,32895
1140,356,255,90780,100,90780
1141,456,255,116280,100,116280
1142,409,255,104295,100,104295
1143,334,255,85170,100,85170
1144,412,255,105060,100,105060
1145,460,255,117300,100,117300
1146,413,255,105315,100,105315
1147,219,255,55845,100,55845
1148,414,255,105570,100,105570
1149,204,255,52020,100,52020
1150,435,255,110925,100,110925
1151,413,255,105315,100,105315
1152,282,255,71910,100,71910
1153,457,255,116535,100,116535
1154,449,255,114495,100,114495
1155,386,255,98430,100,98430
1156,484,255,123420,100,123420
1157,473,255,120615,100,120615
1158,312,255,79560,100,79560
1159,408,255,104040,100,104040
1160,257,255,65535,100,65535
1161,372,255,94860,100,94860
1162,224,255,57120,100,57120
1163,277,255,70635,100,70635
1164,498,255,126990,100,126990
1165,371,255,94605,100,94605
1166,80,255,20400,100,20400
1167,480,255,122400,100,122400
1168,437,255,111435,100,111435
1169,417,255,106335,100,106335
1170,421,255,107355,100,107355
1171,434,255,110670,100,110670
1172,331,255,84405,100,84405
1173,404,255,103020,100,103020
1174,198,255,50490,100,50490
1175,479,255,122145,100,122145
1176,422,255,107610,100,107610
1177,434,255,110670,100,110670
1178,413,255,105315,100,105315
1179,417,255,106335,100,106335
1180,389,255,99195,100,99195
1181,453,255,115515,100,115515
1182,74,255,18870,100,18870
1183,410,255,104550,100,104550
1184,363,255,92565,100,92565
1185,437,255,111435,100,111435
1186,402,255,102510,100,102510
1187,484,255,123420,100,123420
1188,368,255,93840,100,93840
1189,328,255,83640,100,83640
1190,250,255,63750,100,63750
1191,368,255,93840,100,93840
1192,82,255,20910,100,20910
1193,355,255,90525,100,90525
1194,388,255,98940,100,98940
1195,34,255,8670,100,8670
1196,480,255,122400,100,122400
1197,383,255,97665,100,97665
1198,384,255,97920,100,97920
1199,410,255,104550,100,104550
1200,434,255,110670,100,110670
1201,388,255,98940,100,98940
1202,453,255,115515,100,115515
1203,461,255,117555,100,117555
1204,446,255,113730,100,113730
1205,366,255,93330,100,93330
1206,85,255,21675,100,21675
1207,393,255,100215,100,100215
1208,357,255,91035,100,91035
1209,410,255,104550,100,104550
1210,104,255,26520,100,26520
1211,391,255,99705,100,99705
1212,443,255,112965,100,112965
1213,366,255,93330,100,93330
1214,368,255,93840,100,93840
1215,416,255,106080,100,106080
1216,357,255,91035,100,91035
1217,385,255,98175,100,98175
1218,385,255,98175,100,98175
1219,348,255,88740,100,88740
1220,452,255,115260,100,115260
1221,400,255,102000,100,102000
1222,372,255,94860,100,94860
1223,491,255,125205,100,125205
1224,451,255,115005,100,115005
1225,344,255,87720,100,87720
1226,390,255,99450,100,99450
1227,430,255,109650,100,109650
1228,72,255,18360,100,18360
1229,498,255,126990,100,126990
1230,351,255,89505,100,89505
1231,492,255,125460,100,125460
1232,435,255,110925,100,110925
1233,365,255,93075,100,93075
1234,472,255,120360,100,120360
1235,460,255,117300,100,117300
1236,397,255,101235,100,101235
1237,392,255,99960,100,99960
1238,336,255,85680,100,85680
1239,377,255,96135,100,96135
1240,395,255,100725,100,100725
1241,489,255,124695,100,124695
1242,440,255,112200,100,112200
1243,431,255,109905,100,109905
1244,482,255,122910,100,122910
1245,405,255,103275,100,103275
1246,390,255,99450,100,99450
1247,402,255,102510,100,102510
1248,475,255,121125,100,121125
1249,443,255,112965,100,112965
1250,175,255,44625,100,44625
1251,181,255,46155,100,46155
1252,398,255,101490,100,101490
1253,426,255,108630,100,108630
1254,426,255,108630,100,108630
1255,478,255,121890,100,121890
1256,386,255,98430,100,98430
1257,259,255,66045,100,66045
1258,123,255,31365,100,31365
1259,475,255,121125,100,121125
1260,407,255,103785,100,103785
1261,108,255,27540,100,27540
1262,397,255,101235,100,101235
1263,196,255,49980,100,49980
1264,141,255,35955,100,35955
1265,474,255,120870,100,120870
1266,429,255,109395,100,109395
1267,397,255,101235,100,101235
1268,421,255,107355,100,107355
1269,452,255,115260,100,115260
1270,379,255,96645,100,96645
1271,83,255,21165,100,21165
1272,376,255,95880,100,95880
1273,169,255,43095,100,43095
1274,62,255,15810,100,15810
1275,139,255,35445,100,35445
1276,434,255,110670,100,110670
1277,399,255,101745,100,101745
1278,398,255,101490,100,101490
1279,357,255,91035,100,91035
1280,474,255,120870,100,120870
1281,166,255,42330,100,42330
1282,29,255,7395,100,7395
1283,486,255,123930,100,123930
1284,420,255,107100,100,107100
1285,348,255,88740,100,88740
1286,396,255,100980,100,100980
1287,388,255,98940,100,98940
1288,393,255,100215,100,100215
1289,407,255,103785,100,103785
1290,401,255,102255,100,102255
1291,450,255,114750,100,114750
1292,458,255,116790,100,116790
1293,455,255,116025,100,116025
1294,479,255,122145,100,122145
1295,364,255,92820,100,92820
1296,346,255,88230,100,88230
1297,456,255,116280,100,116280
1298,423,255,107865,100,107865
1299,470,255,119850,100,119850
1300,461,255,117555,100,117555
1301,401,255,102255,100,102255
1302,381,255,97155,100,97155
1303,277,255,70635,100,70635
1304,214,255,54570,100,54570
1305,385,255,98175,100,98175
1306,394,255,100470,100,100470
1307,334,255,85170,100,85170
1308,232,255,59160,100,59160
1309,381,255,97155,100,97155
1310,141,255,35955,100,35955
1311,109,255,27795,100,27795
1312,414,255,105570,100,105570
1313,413,255,105315,100,105315
1314,396,255,100980,100,100980
1315,431,255,109905,100,109905
1316,382,255,97410,100,97410
1317,414,255,105570,100,105570
1318,67,255,17085,100,17085
1319,423,255,107865,100,107865
1320,411,255,104805,100,104805
1321,452,255,115260,100,115260
1322,85,255,21675,100,21675
1323,463,255,118065,100,118065
1324,441,255,112455,100,112455
1325,478,255,121890,100,121890
1326,330,255,84150,100,84150
1327,401,255,102255,100,102255
1328,433,255,110415,100,110415
1329,407,255,103785,100,103785
1330,433,255,110415,100,110415
1331,429,255,109395,100,109395
1332,385,255,98175,100,98175
1333,468,255,119340,100,119340
1334,439,255,111945,100,111945
1335,422,255,107610,100,107610
1336,461,255,117555,100,117555
1337,37,255,9435,100,9435
1338,418,255,106590,100,106590
1339,451,255,115005,100,115005
1340,492,255,125460,100,125460
1341,361,255,92055,100,92055
1342,445,255,113475,100,113475
1343,435,255,110925,100,110925
1344,446,255,113730,100,113730
1345,373,255,95115,100,95115
1346,366,255,93330,100,93330
1347,479,255,122145,100,122145
1348,40,255,10200,100,10200
1349,473,255,120615,100,120615
1350,426,255,108630,100,108630
1351,481,255,122655,100,122655
1352,423,255,107865,100,107865
1353,108,255,27540,100,27540
1354,389,255,99195,100,99195
1355,141,255,35955,100,35955
1356,398,255,101490,100,101490
1357,103,255,26265,100,26265
1358,441,255,112455,100,112455
1359,358,255,91290,100,91290
1360,464,255,118320,100,118320
1361,428,255,109140,100,109140
1362,226,255,57630,100,57630
1363,428,255,109140,100,109140
1364,466,255,118830,100,118830
1365,412,255,105060,100,105060
1366,357,255,91035,100,91035
1367,427,255,108885,100,108885
1368,451,255,115005,100,115005
1369,336,255,85680,100,85680
1370,446,255,113730,100,113730
1371,354,255,90270,100,90270
1372,97,255,24735,100,24735
1373,353,255,90015,100,90015
1374,400,255,102000,100,102000
1375,371,255,94605,100,94605
1376,287,255,73185,100,73185
1377,335,255,85425,100,85425
1378,480,255,122400,100,122400
1379,452,255,115260,100,115260
1380,442,255,112710,100,112710
1381,398,255,101490,100,101490
1382,371,255,94605,100,94605
1383,73,255,18615,100,18615
1384,451,255,115005,100,115005
1385,423,255,107865,100,107865
1386,406,255,103530,100,103530
1387,472,255,120360,100,120360
1388,287,255,73185,100,73185
1389,431,255,109905,100,109905
1390,416,255,106080,100,106080
1391,433,255,110415,100,110415
1392,117,255,29835,100,29835
1393,405,255,103275,100,103275
1394,249,255,63495,100,63495
1395,175,255,44625,100,44625
1396,478,255,121890,100,121890
1397,82,255,20910,100,20910
1398,398,255,101490,100,101490
1399,369,255,94095,100,94095
1400,391,255,99705,100,99705
1401,455,255,116025,100,116025
1402,195,255,49725,100,49725
1403,351,255,89505,100,89505
1404,374,255,95370,100,95370
1405,369,255,94095,100,94095
1406,418,255,106590,100,106590
1407,401,255,102255,100,102255
1408,152,255,38760,100,38760
1409,355,255,90525,100,90525
1410,116,255,29580,100,29580
1411,448,255,114240,100,114240
1412,181,255,46155,100,46155
1413,317,255,80835,100,80835
1414,369,255,94095,100,94095
1415,57,255,14535,100,14535
1416,363,255,92565,100,92565
1417,385,255,98175,100,98175
1418,396,255,100980,100,100980
1419,359,255,91545,100,91545
1420,481,255,122655,100,122655
1421,307,255,78285,100,78285
1422,475,255,121125,100,121125
1423,463,255,118065,100,118065
1424,192,255,48960,100,48960
1425,49,255,12495,100,12495
1426,99,255,25245,100,25245
1427,488,255,124440,100,124440
1428,424,255,108120,100,108120
1429,154,255,39270,100,39270
1430,75,255,19125,100,19125
1431,88,255,22440,100,22440
1432,379,255,96645,100,96645
1433,115,255,29325,100,29325
1434,118,255,30090,100,30090
1435,117,255,29835,100,29835
1436,396,255,100980,100,100980
1437,70,255,17850,100,17850
1438,466,255,118830,100,118830
1439,221,255,56355,100,56355
1440,492,255,125460,100,125460
1441,28,255,7140,100,7140
1442,451,255,115005,100,115005
1443,79,255,20145,100,20145
1444,212,255,54060,100,54060
1445,357,255,91035,100,91035
1446,434,255,110670,100,110670
1447,470,255,119850,100,119850
1448,281,255,71655,100,71655
1449,485,255,123675,100,123675
1450,395,255,100725,100,100725
1451,147,255,37485,100,37485
1452,444,255,113220,100,113220
1453,412,255,105060,100,105060
1454,392,255,99960,100,99960
1455,48,255,12240,100,12240
1456,450,255,114750,100,114750
1457,418,255,106590,100,106590
1458,95,255,24225,100,24225
1459,95,255,24225,100,24225
1460,99,255,25245,100,25245
1461,424,255,108120,100,108120
1462,311,255,79305,100,79305
1463,393,255,100215,100,100215
1464,470,255,119850,100,119850
1465,446,255,113730,100,113730
1466,464,255,118320,100,118320
1467,428,255,109140,100,109140
1468,402,255,102510,100,102510
1469,339,255,86445,100,86445
1470,414,255,105570,100,105570
1471,491,255,125205,100,125205
1472,196,255,49980,100,49980
1473,89,255,22695,100,22695
1474,485,255,123675,100,123675
1475,254,255,64770,100,64770
1476,417,255,106335,100,106335
1477,476,255,121380,100,121380
1478,361,255,92055,100,92055
1479,401,255,102255,100,102255
1480,316,255,80580,100,80580
1481,219,255,55845,100,55845
1482,371,255,94605,100,94605
1483,447,255,113985,100,113985
1484,370,255,94350,100,94350
1485,244,255,62220,100,62220
1486,348,255,88740,100,88740
1487,138,255,35190,100,35190
1488,68,255,17340,100,17340
1489,262,255,66810,100,66810
1490,154,255,39270,100,39270
1491,489,255,124695,100,124695
1492,372,255,94860,100,94860
1493,407,255,103785,100,103785
1494,354,255,90270,100,90270
1495,446,255,113730,100,113730
1496,382,255,97410,100,97410
1497,387,255,98685,100,98685
1498,235,255,59925,100,59925
1499,398,255,101490,100,101490
1500,145,255,36975,100,36975
1501,124,255,31620,100,31620
1502,415,255,105825,100,105825
1503,406,255,103530,100,103530
1504,133,255,33915,100,33915
1505,354,255,90270,100,90270
1506,69,255,17595,100,17595
1507,134,255,34170,100,34170
1508,427,255,108885,100,108885
1509,348,255,88740,100,88740
1510,351,255,89505,100,89505
1511,350,255,89250,100,89250
1512,175,255,44625,100,44625
1513,364,255,92820,100,92820
1514,258,255,65790,100,65790
1515,425,255,108375,100,108375
1516,441,255,112455,100,112455
1517,360,255,91800,100,91800
1518,444,255,113220,100,113220
1519,373,255,95115,100,95115
1520,202,255,51510,100,51510
1521,355,255,90525,100,90525
1522,414,255,105570,100,105570
1523,471,255,120105,100,120105
1524,73,255,18615,100,18615
1525,367,255,93585,100,93585
1526,352,255,89760,100,89760
1527,445,255,113475,100,113475
1528,61,255,15555,100,15555
1529,434,255,110670,100,110670
1530,475,255,121125,100,121125
1531,365,255,93075,100,93075
1532,440,255,112200,100,112200
1533,250,255,63750,100,63750
1534,176,255,44880,100,44880
1535,204,255,52020,100,52020
1536,442,255,112710,100,112710
1537,364,255,92820,100,92820
1538,441,255,112455,100,112455
1539,39,255,9945,100,9945
1540,114,255,29070,100,29070
1541,476,255,121380,100,121380
1542,439,255,111945,100,111945
1543,48,255,12240,100,12240
1544,119,255,30345,100,30345
1545,328,255,83640,100,83640
1546,357,255,91035,100,91035
1547,406,255,103530,100,103530
1548,401,255,102255,100,102255
1549,473,255,120615,100,120615
1550,319,255,81345,100,81345
1551,138,255,35190,100,35190
1552,307,255,78285,100,78285
1553,414,255,105570,100,105570
1554,386,255,98430,100,98430
1555,73,255,18615,100,18615
1556,488,255,124440,100,124440
1557,348,255,88740,100,88740
1558,57,255,14535,100,14535
1559,364,255,92820,100,92820
1560,94,255,23970,100,23970
1561,441,255,112455,100,112455
1562,310,255,79050,100,79050
1563,424,255,108120,100,108120
1564,486,255,123930,100,123930
1565,130,255,33150,100,33150
1566,72,255,18360,100,18360
1567,448,255,114240,100,114240
1568,258,255,65790,100,65790
1569,375,255,95625,100,95625
1570,222,255,56610,100,56610
1571,94,255,23970,100,23970
1572,79,255,20145,100,20145
1573,331,255,84405,100,84405
1574,60,255,15300,100,15300
1575,357,255,91035,100,91035
1576,64,255,16320,100,16320
1577,385,255,98175,100,98175
1578,383,255,97665,100,97665
1579,356,255,90780,100,90780
1580,368,255,93840,100,93840
1581,260,255,66300,100,66300
1582,313,255,79815,100,79815
1583,424,255,108120,100,108120
1584,402,255,102510,100,102510
1585,356,255,90780,100,90780
1586,155,255,39525,100,39525
1587,213,255,54315,100,54315
1588,168,255,42840,100,42840
1589,281,255,71655,100,71655
1590,183,255,46665,100,46665
1591,434,255,110670,100,110670
1592,362,255,92310,100,92310
1593,497,255,126735,100,126735
1594,369,255,94095,100,94095
1595,403,255,102765,100,102765
1596,367,255,93585,100,93585
1597,90,255,22950,100,22950
1598,456,255,116280,100,116280
1599,453,255,115515,100,115515
1600,242,255,61710,100,61710
1601,330,255,84150,100,84150
1602,339,255,86445,100,86445
1603,173,255,44115,100,44115
1604,402,255,102510,100,102510
1605,221,255,56355,100,56355
1606,485,255,123675,100,123675
1607,476,255,121380,100,121380
1608,120,255,30600,100,30600
1609,139,255,35445,100,35445
1610,296,255,75480,100,75480
1611,128,255,32640,100,32640
1612,365,255,93075,100,93075
1613,361,255,92055,100,92055
1614,386,255,98430,100,98430
1615,223,255,56865,100,56865
1616,58,255,14790,100,14790
1617,184,255,46920,100,46920
1618,396,255,100980,100,100980
1619,358,255,91290,100,91290
1620,397,255,101235,100,101235
1621,238,255,60690,100,60690
1622,222,255,56610,100,56610
1623,107,255,27285,100,27285
1624,374,255,95370,100,95370
1625,384,255,97920,100,97920
1626,168,255,42840,100,42840
1627,335,255,85425,100,85425
1628,182,255,46410,100,46410
1629,421,255,107355,100,107355
1630,187,255,47685,100,47685
1631,484,255,123420,100,123420
1632,458,255,116790,100,116790
1633,100,255,25500,100,25500
1634,490,255,124950,100,124950
1635,419,255,106845,100,106845
1636,400,255,102000,100,102000
1637,88,255,22440,100,22440
1638,421,255,107355,100,107355
1639,51,255,13005,100,13005
1640,382,255,97410,100,97410
1641,395,255,100725,100,100725
1642,83,255,21165,100,21165
1643,373,255,95115,100,95115
1644,408,255,104040,100,104040
1645,382,255,97410,100,97410
1646,367,255,93585,100,93585
1647,451,255,115005,100,115005
1648,389,255,99195,100,99195
1649,328,255,83640,100,83640
1650,382,255,97410,100,97410
1651,86,255,21930,100,21930
1652,342,255,87210,100,87210
1653,498,255,126990,100,126990
1654,429,255,109395,100,109395
1655,397,255,101235,100,101235
1656,482,255,122910,100,122910
1657,477,255,121635,100,121635
1658,338,255,86190,100,86190
1659,113,255,28815,100,28815
1660,302,255,77010,100,77010
1661,212,255,54060,100,54060
1662,326,255,83130,100,83130
1663,430,255,109650,100,109650
1664,486,255,123930,100,123930
1665,406,255,103530,100,103530
1666,90,255,22950,100,22950
1667,322,255,82110,100,82110
1668,383,255,97665,100,97665
1669,498,255,126990,100,126990
1670,63,255,16065,100,16065
1671,457,255,116535,100,116535
1672,420,255,107100,100,107100
1673,446,255,113730,100,113730
1674,424,255,108120,100,108120
1675,372,255,94860,100,94860
1676,423,255,107865,100,107865
1677,400,255,102000,100,102000
1678,168,255,42840,100,42840
1679,479,255,122145,100,122145
1680,441,255,112455,100,112455
1681,445,255,113475,100,113475
1682,382,255,97410,100,97410
1683,380,255,96900,100,96900
1684,154,255,39270,100,39270
1685,467,255,119085,100,119085
1686,424,255,108120,100,108120
1687,421,255,107355,100,107355
1688,450,255,114750,100,114750
1689,454,255,115770,100,115770
1690,459,255,117045,100,117045
1691,433,255,110415,100,110415
1692,359,255,91545,100,91545
1693,360,255,91800,100,91800
1694,223,255,56865,100,56865
1695,471,255,120105,100,120105
1696,484,255,123420,100,123420
1697,91,255,23205,100,23205
1698,344,255,87720,100,87720
1699,443,255,112965,100,112965
1700,347,255,88485,100,88485
1701,431,255,109905,100,109905
1702,403,255,102765,100,102765
1703,394,255,100470,100,100470
1704,413,255,105315,100,105315
1705,250,255,63750,100,63750
1706,462,255,117810,100,117810
1707,437,255,111435,100,111435
1708,384,255,97920,100,97920
1709,389,255,99195,100,99195
1710,450,255,114750,100,114750
1711,429,255,109395,100,109395
1712,458,255,116790,100,116790
1713,63,255,16065,100,16065
1714,154,255,39270,100,39270
1715,440,255,112200,100,112200
1716,418,255,106590,100,106590
1717,417,255,106335,100,106335
1718,203,255,51765,100,51765
1719,278,255,70890,100,70890
1720,177,255,45135,100,45135
1721,384,255,97920,100,97920
1722,500,255,127500,100,127500
1723,410,255,104550,100,104550
1724,324,255,82620,100,82620
1725,460,255,117300,100,117300
1726,33,255,8415,100,8415
1727,149,255,37995,100,37995
1728,468,255,119340,100,119340
1729,478,255,121890,100,121890
1730,427,255,108885,100,108885
1731,406,255,103530,100,103530
1732,167,255,42585,100,42585
1733,101,255,25755,100,25755
1734,437,255,111435,100,111435
1735,458,255,116790,100,116790
1736,103,255,26265,100,26265
1737,448,255,114240,100,114240
1738,426,255,108630,100,108630
1739,58,255,14790,100,14790
1740,481,255,122655,100,122655
1741,71,255,18105,100,18105
1742,498,255,126990,100,126990
1743,380,255,96900,100,96900
1744,430,255,109650,100,109650
1745,445,255,113475,100,113475
1746,372,255,94860,100,94860
1747,23,255,5865,100,5865
1748,407,255,103785,100,103785
1749,398,255,101490,100,101490
1750,398,255,101490,100,101490
1751,415,255,105825,100,105825
1752,96,255,24480,100,24480
1753,415,255,105825,100,105825
1754,442,255,112710,100,112710
1755,403,255,102765,100,102765
1756,431,255,109905,100,109905
1757,105,255,26775,100,26775
1758,438,255,111690,100,111690
1759,351,255,89505,100,89505
1760,438,255,111690,100,111690
1761,400,255,102000,100,102000
1762,427,255,108885,100,108885
1763,323,255,82365,100,82365
1764,457,255,116535,100,116535
1765,433,255,110415,100,110415
1766,275,255,70125,100,70125
1767,478,255,121890,100,121890
1768,392,255,99960,100,99960
1769,363,255,92565,100,92565
1770,382,255,97410,100,97410
1771,317,255,80835,100,80835
1772,439,255,111945,100,111945
1773,74,255,18870,100,18870
1774,52,255,13260,100,13260
1775,429,255,109395,100,109395
1776,403,255,102765,100,102765
1777,398,255,101490,100,101490
1778,421,255,107355,100,107355
1779,466,255,118830,100,118830
1780,421,255,107355,100,107355
1781,78,255,19890,100,19890
1782,424,255,108120,100,108120
1783,437,255,111435,100,111435
1784,420,255,107100,100,107100
1785,432,255,110160,100,110160
1786,424,255,108120,100,108120
1787,482,255,122910,100,122910
1788,408,255,104040,100,104040
1789,222,255,56610,100,56610
1790,424,255,108120,100,108120
1791,416,255,106080,100,106080
1792,378,255,96390,100,96390
1793,85,255,21675,100,21675
1794,431,255,109905,100,109905
1795,395,255,100725,100,100725
1796,478,255,121890,100,121890
1797,424,255,108120,100,108120
1798,381,255,97155,100,97155
1799,476,255,121380,100,121380
1800,373,255,95115,100,95115
1801,305,255,77775,100,77775
1802,385,255,98175,100,98175
1803,427,255,108885,100,108885
1804,448,255,114240,100,114240
1805,395,255,100725,100,100725
1806,408,255,104040,100,104040
1807,83,255,21165,100,21165
1808,303,255,77265,100,77265
1809,419,255,106845,100,106845
1810,327,255,83385,100,83385
1811,273,255,69615,100,69615
1812,90,255,22950,100,22950
1813,415,255,105825,100,105825
1814,401,255,102255,100,102255
1815,420,255,107100,100,107100
1816,482,255,122910,100,122910
1817,422,255,107610,100,107610
1818,493,255,125715,100,125715
1819,221,255,56355,100,56355
1820,394,255,100470,100,100470
1821,413,255,105315,100,105315
1822,84,255,21420,100,21420
1823,403,255,102765,100,102765
1824,319,255,81345,100,81345
1825,454,255,115770,100,115770
1826,488,255,124440,100,124440
1827,59,255,15045,100,15045
1828,198,255,50490,100,50490
1829,221,255,56355,100,56355
1830,167,255,42585,100,42585
1831,449,255,114495,100,114495
1832,450,255,114750,100,114750
1833,474,255,120870,100,120870
1834,430,255,109650,100,109650
1835,316,255,80580,100,80580
1836,390,255,99450,100,99450
1837,466,255,118830,100,118830
1838,201,255,51255,100,51255
1839,319,255,81345,100,81345
1840,473,255,120615,100,120615
1841,450,255,114750,100,114750
1842,469,255,119595,100,119595
1843,495,255,126225,100,126225
1844,306,255,78030,100,78030
1845,408,255,104040,100,104040
1846,228,255,58140,100,58140
1847,495,255,126225,100,126225
1848,473,255,120615,100,120615
1849,459,255,117045,100,117045
1850,306,255,78030,100,78030
1851,469,255,119595,100,119595
1852,446,255,113730,100,113730
1853,175,255,44625,100,44625
1854,427,255,108885,100,108885
1855,53,255,13515,100,13515
1856,459,255,117045,100,117045
1857,356,255,90780,100,90780
1858,439,255,111945,100,111945
1859,475,255,121125,100,121125
1860,378,255,96390,100,96390
1861,448,255,114240,100,114240
1862,418,255,106590,100,106590
1863,162,255,41310,100,41310
1864,416,255,106080,100,106080
1865,488,255,124440,100,124440
1866,107,255,27285,100,27285
1867,489,255,124695,100,124695
1868,448,255,114240,100,114240
1869,486,255,123930,100,123930
1870,500,255,127500,100,127500
1871,424,255,108120,100,108120
1872,95,255,24225,100,24225
1873,259,255,66045,100,66045
1874,456,255,116280,100,116280
1875,88,255,22440,100,22440
1876,438,255,111690,100,111690
1877,487,255,124185,100,124185
1878,109,255,27795,100,27795
1879,395,255,100725,100,100725
1880,103,255,26265,100,26265
1881,58,255,14790,100,14790
1882,74,255,18870,100,18870
1883,58,255,14790,100,14790
1884,439,255,111945,100,111945
1885,420,255,107100,100,107100
1886,450,255,114750,100,114750
1887,59,255,15045,100,15045
1888,92,255,23460,100,23460
1889,104,255,26520,100,26520
1890,446,255,113730,100,113730
1891,419,255,106845,100,106845
1892,431,255,109905,100,109905
1893,110,255,28050,100,28050
1894,416,255,106080,100,106080
1895,58,255,14790,100,14790
1896,456,255,116280,100,116280
1897,460,255,117300,100,117300
1898,40,255,10200,100,10200
1899,442,255,112710,100,112710
1900,436,255,111180,100,111180
1901,228,255,58140,100,58140
1902,162,255,41310,100,41310
1903,464,255,118320,100,118320
1904,402,255,102510,100,102510
1905,293,255,74715,100,74715
1906,68,255,17340,100,17340
1907,398,255,101490,100,101490
1908,394,255,100470,100,100470
1909,224,255,57120,100,57120
1910,453,255,115515,100,115515
1911,469,255,119595,100,119595
1912,480,255,122400,100,122400
1913,220,255,56100,100,56100
1914,110,255,28050,100,28050
1915,496,255,126480,100,126480
1916,437,255,111435,100,111435
1917,488,255,124440,100,124440
1918,466,255,118830,100,118830
1919,89,255,22695,100,22695
1920,68,255,17340,100,17340
1921,107,255,27285,100,27285
1922,134,255,34170,100,34170
1923,48,255,12240,100,12240
1924,104,255,26520,100,26520
1925,418,255,106590,100,106590
1926,449,255,114495,100,114495
1927,94,255,23970,100,23970
1928,460,255,117300,100,117300
1929,436,255,111180,100,111180
1930,447,255,113985,100,113985
1931,203,255,51765,100,51765
1932,156,255,39780,100,39780
1933,54,255,13770,100,13770
1934,398,255,101490,100,101490
1935,123,255,31365,100,31365
1936,450,255,114750,100,114750
1937,56,255,14280,100,14280
1938,85,255,21675,100,21675
1939,418,255,106590,100,106590
1940,423,255,107865,100,107865
1941,331,255,84405,100,84405
1942,475,255,121125,100,121125
1943,466,255,118830,100,118830
1944,56,255,14280,100,14280
1945,35,255,8925,100,8925
1946,177,255,45135,100,45135
1947,450,255,114750,100,114750
1948,318,255,81090,100,81090
1949,498,255,126990,100,126990
1950,299,255,76245,100,76245
1951,411,255,104805,100,104805
1952,127,255,32385,100,32385
1953,113,255,28815,100,28815
1954,438,255,111690,100,111690
1955,429,255,109395,100,109395
1956,42,255,10710,100,10710
1957,204,255,52020,100,52020
1958,444,255,113220,100,113220
1959,449,255,114495,100,114495
1960,488,255,124440,100,124440
1961,86,255,21930,100,21930
1962,426,255,108630,100,108630
1963,425,255,108375,100,108375
1964,404,255,103020,100,103020
1965,67,255,17085,100,17085
1966,457,255,116535,100,116535
1967,94,255,23970,100,23970
1968,382,255,97410,100,97410
1969,494,255,125970,100,125970
1970,439,255,111945,100,111945
1971,477,255,121635,100,121635
1972,467,255,119085,100,119085
1973,490,255,124950,100,124950
1974,209,255,53295,100,53295
1975,153,255,39015,100,39015
1976,484,255,123420,100,123420
1977,88,255,22440,100,22440
1978,448,255,114240,100,114240
1979,470,255,119850,100,119850
1980,368,255,93840,100,93840
1981,207,255,52785,100,52785
1982,432,255,110160,100,110160
1983,119,255,30345,100,30345
1984,436,255,111180,100,111180
1985,490,255,124950,100,124950
1986,126,255,32130,100,32130
1987,261,255,66555,100,66555
1988,423,255,107865,100,107865
1989,463,255,118065,100,118065
1990,168,255,42840,100,42840
1991,407,255,103785,100,103785
1992,106,255,27030,100,27030
1993,94,255,23970,100,23970
1994,337,255,85935,100,85935
1995,240,255,61200,100,61200
1996,70,255,17850,100,17850
1997,461,255,117555,100,117555
1998,120,255,30600,100,30600
1999,240,255,61200,100,61200
2000,168,255,42840,100,42840
2001,444,255,113220,100,113220
2002,464,255,118320,100,118320
2003,487,255,124185,100,124185
2004,419,255,106845,100,106845
2005,471,255,120105,100,120105
2006,394,255,100470,100,100470
2007,455,255,116025,100,116025
2008,211,255,53805,100,53805
2009,478,255,121890,100,121890
2010,428,255,109140,100,109140
2011,481,255,122655,100,122655
2012,479,255,122145,100,122145
2013,478,255,121890,100,121890
2014,438,255,111690,100,111690
2015,298,255,75990,100,75990
2016,484,255,123420,100,123420
2017,463,255,118065,100,118065
2018,433,255,110415,100,110415
2019,129,255,32895,100,32895
2020,472,255,120360,100,120360
2021,183,255,46665,100,46665
2022,185,255,47175,100,47175
2023,105,255,26775,100,26775
2024,432,255,110160,100,110160
2025,283,255,72165,100,72165
2026,460,255,117300,100,117300
2027,335,255,85425,100,85425
2028,70,255,17850,100,17850
2029,447,255,113985,100,113985
2030,434,255,110670,100,110670
2031,490,255,124950,100,124950
2032,208,255,53040,100,53040
2033,410,255,104550,100,104550
2034,61,255,15555,100,15555
2035,481,255,122655,100,122655
2036,500,255,127500,100,127500
2037,466,255,118830,100,118830
2038,181,255,46155,100,46155
2039,155,255,39525,100,39525
2040,234,255,59670,100,59670
2041,455,255,116025,100,116025
2042,439,255,111945,100,111945
2043,407,255,103785,100,103785
2044,102,255,26010,100,26010
2045,484,255,123420,100,123420
2046,77,255,19635,100,19635
2047,179,255,45645,100,45645
2048,26,255,6630,100,6630
2049,475,255,121125,100,121125
2050,454,255,115770,100,115770
2051,458,255,116790,100,116790
2052,88,255,22440,100,22440
2053,121,255,30855,100,30855
2054,97,255,24735,100,24735
2055,124,255,31620,100,31620
2056,250,255,63750,100,63750
2057,412,255,105060,100,105060
2058,53,255,13515,100,13515
2059,36,255,9180,100,9180
2060,399,255,101745,100,101745
2061,56,255,14280,100,14280
2062,128,255,32640,100,32640
